<?xml version="1.0" encoding="utf-8" standalone="yes"?>
<Skin>	
	<!-- VolumeTrackBar -->
	<Item name="VolumeTrackBar.Track.TrackBackground.BackgroundColor" type="rgbcolor">168,221,255</Item>
	<Item name="VolumeTrackBar.Track.TrackBorder.BorderTop.BorderColor" type="rgbcolor">160,160,160</Item>
	<Item name="VolumeTrackBar.Track.TrackBorder.BorderRight.BorderColor" type="rgbcolor">255,255,255</Item>
	<Item name="VolumeTrackBar.Track.TrackBorder.BorderBottom.BorderColor" type="rgbcolor">255,255,255</Item>
	<Item name="VolumeTrackBar.Track.TrackBorder.BorderLeft.BorderColor" type="rgbcolor">160,160,160</Item>	
	<Item name="VolumeTrackBar.Thumb.ThumbFontColor" type="rgbcolor">84,84,84</Item>
	
	<!-- Panels -->
	<Item name="SearchPanel.BackgroundColor" type="rgbcolor">240,240,240</Item>
	<Item name="StationListPanel.BackgroundColor" type="rgbcolor">240,240,240</Item>	
	<Item name="MainPanel.BackgroundColor" type="rgbcolor">240,240,240</Item>
	
	<!-- PeakmeterPanel -->
	<Item name="PeakmeterPanel.BackgroundColor" type="rgbcolor">240,240,240</Item>
	<Item name="PeakmeterPanel.BorderColor" type="rgbcolor">255,255,255</Item>
	
	<!-- BottomFunctionPanel -->
	<Item name="BottomFunctionPanel.Background.Gradient1.StartColor" type="rgbcolor">240,240,240</Item>
	<Item name="BottomFunctionPanel.Background.Gradient1.EndColor" type="rgbcolor">162,162,162</Item>
	
	<!-- TextScroll -->
	<!-- Line 1 -->
	<Item name="TextScroll.Lines.TextScrollLine1.BackgroundColor" type="rgbcolor">0,175,240</Item>
	<Item name="TextScroll.Lines.TextScrollLine1.BackgroundColor.OnMouseEnter" type="rgbcolor">0,168,229</Item>
	<Item name="TextScroll.Lines.TextScrollLine1.FontColor" type="rgbcolor">255,255,255</Item>
	<Item name="TextScroll.Lines.TextScrollLine1.FontColor.OnMouseEnter" type="rgbcolor">255,255,255</Item>
	<Item name="TextScroll.Lines.TextScrollLine1.Border.BorderLeft.BorderColor" type="rgbcolor">0,175,240</Item>
	<Item name="TextScroll.Lines.TextScrollLine1.Border.BorderLeft.BorderColor.OnMouseEnter" type="rgbcolor">0,168,229</Item>
	<Item name="TextScroll.Lines.TextScrollLine1.Border.BorderLeft.BorderWidth" type="int">2</Item>
	<Item name="TextScroll.Lines.TextScrollLine1.Border.BorderTop.BorderColor" type="rgbcolor">0,175,240</Item>
	<Item name="TextScroll.Lines.TextScrollLine1.Border.BorderTop.BorderColor.OnMouseEnter" type="rgbcolor">0,168,229</Item>
	<Item name="TextScroll.Lines.TextScrollLine1.Border.BorderTop.BorderWidth" type="int">2</Item>
	<Item name="TextScroll.Lines.TextScrollLine1.Border.BorderRight.BorderColor" type="rgbcolor">0,175,240</Item>
	<Item name="TextScroll.Lines.TextScrollLine1.Border.BorderRight.BorderColor.OnMouseEnter" type="rgbcolor">0,168,229</Item>
	<Item name="TextScroll.Lines.TextScrollLine1.Border.BorderRight.BorderWidth" type="int">2</Item>
	<Item name="TextScroll.Lines.TextScrollLine1.Border.BorderBottom.BorderColor" type="rgbcolor">0,175,240</Item>
	<Item name="TextScroll.Lines.TextScrollLine1.Border.BorderBottom.BorderColor.OnMouseEnter" type="rgbcolor">0,168,229</Item>
	<Item name="TextScroll.Lines.TextScrollLine1.Border.BorderBottom.BorderWidth" type="int">0</Item>	
	<!-- Line 2 -->
	<Item name="TextScroll.Lines.TextScrollLine2.BackgroundColor" type="rgbcolor">0,175,240</Item>
	<Item name="TextScroll.Lines.TextScrollLine2.BackgroundColor.OnMouseEnter" type="rgbcolor">0,168,229</Item>
	<Item name="TextScroll.Lines.TextScrollLine2.FontColor" type="rgbcolor">255,255,255</Item>
	<Item name="TextScroll.Lines.TextScrollLine2.FontColor.OnMouseEnter" type="rgbcolor">255,255,255</Item>
	<Item name="TextScroll.Lines.TextScrollLine2.Border.BorderLeft.BorderColor" type="rgbcolor">0,175,240</Item>
	<Item name="TextScroll.Lines.TextScrollLine2.Border.BorderLeft.BorderColor.OnMouseEnter" type="rgbcolor">0,168,229</Item>
	<Item name="TextScroll.Lines.TextScrollLine2.Border.BorderLeft.BorderWidth" type="int">2</Item>
	<Item name="TextScroll.Lines.TextScrollLine2.Border.BorderTop.BorderColor" type="rgbcolor">0,175,240</Item>
	<Item name="TextScroll.Lines.TextScrollLine2.Border.BorderTop.BorderColor.OnMouseEnter" type="rgbcolor">0,168,229</Item>
	<Item name="TextScroll.Lines.TextScrollLine2.Border.BorderTop.BorderWidth" type="int">0</Item>
	<Item name="TextScroll.Lines.TextScrollLine2.Border.BorderRight.BorderColor" type="rgbcolor">0,175,240</Item>
	<Item name="TextScroll.Lines.TextScrollLine2.Border.BorderRight.BorderColor.OnMouseEnter" type="rgbcolor">0,168,229</Item>
	<Item name="TextScroll.Lines.TextScrollLine2.Border.BorderRight.BorderWidth" type="int">2</Item>
	<Item name="TextScroll.Lines.TextScrollLine2.Border.BorderBottom.BorderColor" type="rgbcolor">0,175,240</Item>
	<Item name="TextScroll.Lines.TextScrollLine2.Border.BorderBottom.BorderColor.OnMouseEnter" type="rgbcolor">0,168,229</Item>
	<Item name="TextScroll.Lines.TextScrollLine2.Border.BorderBottom.BorderWidth" type="int">10</Item>
	
	<!-- StationList -->
	<Item name="StationList.Header.BackgroundColor" type="rgbcolor">255,255,255</Item>
	<Item name="StationList.Grid.FontColor" type="rgbcolor">0,0,0</Item>
	<Item name="StationList.Grid.BackgroundColor" type="rgbcolor">255,255,255</Item>
	<Item name="StationList.Grid.Every2ndLineColor" type="rgbcolor">250,250,250</Item>
	<Item name="StationList.Grid.FocusedSelectionColor" type="rgbcolor">57,150,224</Item>
	<Item name="StationList.Grid.FocusedSelectionBorderColor" type="rgbcolor">57,150,224</Item>
	<Item name="StationList.Grid.UnfocusedSelectionColor" type="rgbcolor">102,174,231</Item>
	<Item name="StationList.Grid.UnfocusedSelectionBorderColor" type="rgbcolor">102,174,231</Item>
	
	<!-- SearchEdit -->
	<Item name="SearchEdit.Color" type="rgbcolor">255,255,255</Item>
	<Item name="SearchEdit.FontColor" type="rgbcolor">0,0,0</Item>
	
	<!-- LeftLevelMeter -->
	<Item name="LeftLevelMeter.BackgroundColor" type="rgbcolor">47,47,47</Item>
	<Item name="LeftLevelMeter.Color" type="rgbcolor">0,255,0</Item>
	<!-- RightLevelMeter -->
	<Item name="RightLevelMeter.BackgroundColor" type="rgbcolor">47,47,47</Item>
	<Item name="RightLevelMeter.Color" type="rgbcolor">102,163,226</Item>
	
	<Item name="Color1" type="rgbcolor">98,114,164</Item>
	<Item name="Color2" type="rgbcolor">52,55,70</Item>
	
</Skin>