<?xml version="1.0" encoding="utf-8" standalone="yes"?>
<Skin>
	<!-- VolumeTrackBar -->
	<Item name="VolumeTrackBar.Track.TrackBackground.BackgroundColor" type="rgbcolor">40,42,54</Item>
	<Item name="VolumeTrackBar.Track.TrackBorder.BorderTop.BorderColor" type="rgbcolor">30,34,44</Item>
	<Item name="VolumeTrackBar.Track.TrackBorder.BorderRight.BorderColor" type="rgbcolor">30,34,44</Item>
	<Item name="VolumeTrackBar.Track.TrackBorder.BorderBottom.BorderColor" type="rgbcolor">30,34,44</Item>
	<Item name="VolumeTrackBar.Track.TrackBorder.BorderLeft.BorderColor" type="rgbcolor">30,34,44</Item>
	
	<Item name="VolumeTrackBar.Thumb.ThumbFontColor" type="rgbcolor">30,30,30</Item>
	<Item name="Color1" type="rgbcolor">98,114,164</Item>
	<Item name="Color1" type="rgbcolor">52,55,70</Item>
</Skin>